question,answer,latency,characters,strategy,difficulty,uncertainty,effort_score,model_calls,candidate_count,selected_candidate,verifier_score,verifier_reason,type
What is the capital of France?,The capital of France is Paris.,2.45,31,direct,0.0,0.0,0.0,2,0,,,,simple
Why could a distributed database become inconsistent during a network partition?,"A distributed database can become inconsistent during a network partition due to the following root cause or core mechanism:

1.  **Distributed consensus failure**: In a distributed system, all nodes must agree on the state of the data in order to maintain consistency. When a network partition occurs, some nodes may lose communication with each other, causing them to operate independently and potentially leading to inconsistent states.
2.  **Partition-induced node isolation**: During a network partition, some nodes may become isolated from the rest of the network, causing them to write their own local copies of data without being aware of the changes made by other nodes.

However, there are trade-offs that can be considered when addressing this issue:

1.  **Consistency vs. availability**: In distributed systems, consistency and availability are often conflicting goals. If a system is designed to prioritize availability, it may sacrifice some level of consistency during a network partition.
2.  **Scalability vs. performance**: Distributed databases that scale horizontally (i.e., add more nodes as needed) can be more prone to inconsistencies due to the increased complexity and communication overhead.

To mitigate these issues, practical safeguards or next steps can be taken:

1.  **Use transactional protocols with conflict resolution mechanisms**: Implementing transactional protocols that allow nodes to detect conflicts and resolve them automatically can help ensure consistency even in the presence of network partitions.
2.  **Implement distributed lock management strategies**: Distributed locks can prevent multiple nodes from accessing the same data simultaneously, reducing the likelihood of inconsistencies.
3.  **Use eventual consistency models**: Some distributed databases use eventual consistency models that allow for temporary inconsistencies between nodes while still ensuring long-term consistency.
4.  **Monitor network partitions and take corrective action**: Regular monitoring and proactive response to network partition events can help minimize the impact on data consistency.

By understanding the root causes, trade-offs, and practical safeguards, developers can design more resilient distributed databases that maintain consistency even in the face of network partitions.",14.67,2317,deliberate,0.63,0.18,0.49,2,0,,,,debugging
Design a cognitive architecture that improves AI reasoning without retraining the model.,"To improve AI reasoning without retraining the model, I propose a minimal yet technically credible implementation plan based on candidate reasoner C. Here's a concrete approach:

**Implementation Plan:**

1. **External Memory**: Utilize an external memory system to store and retrieve relevant knowledge graph edges (KGEs). The current model can be used as a starting point without any additional training.

   * Utilize tools like the `allennlp` library for knowledge graph embedding.
   * Store KGEs in a database (e.g., Redis or an in-memory data grid).

2. **Candidate Retrieval**: Develop an index-based retrieval system using the stored KGEs, enabling faster and more efficient candidate generation.

   * Utilize indexing libraries like `faiss` for efficient search.
   * Implement a caching mechanism to reduce database queries.

3. **Decomposition**: Introduce decompositional reasoning using predefined decomposition rules in a knowledge graph, separating complex tasks into smaller subtasks.

   * Define a set of predefined decomposition rules and store them as part of the external memory.
   * Modify the current architecture to accept these decomposition rules as input.

4. **Verifier-Based Selection**: Develop an external verifier component that assesses generated candidates and evaluates their relevance, passing only relevant candidates to the model.

   * Integrate a verifier system into candidate generation using tools like `transformers` for natural language processing tasks.
   * Use tools like `scikit-learn` for evaluation metrics.

5. **Adaptive Compute Budget**: Leverage adaptive compute allocation techniques (e.g., task parallelism or distributed computing) to optimize inference performance and improve reasoning efficiency.

   * Utilize frameworks like `dask` or `joblib` to allocate resources efficiently.
   * Monitor model performance in real-time, adjusting the allocation strategy as needed.

By implementing these components without retraining the model, candidate reasoner C can be improved to provide more accurate and efficient AI reasoning capabilities.",71.47,2101,deep,0.75,0.02,0.53,6,3,3.0,0.75,"Candidate 3's plan is technically grounded and practical, leveraging existing knowledge graphs for candidate generation and decomposition-based reasoning without retraining the model.",research
Create a strategy for scaling an AI startup from prototype to enterprise customers.,"As candidate reasoner C, I propose the following minimal but technically credible implementation plan to scale an AI startup from prototype to enterprise customers:

**Phase 1: Preparation**

1. **Multiple Candidate Generation**: Implement a tool that generates multiple candidates using our existing model weights and base architecture. This will allow us to have a pool of high-quality candidates for evaluation.
2. **External Memory**: Utilize an external memory system, such as Redis or Memcached, to store and manage metadata about the generated candidates. This will enable efficient storage and retrieval of candidate information.
3. **Verifier-Based Selection**: Develop a simple verifier tool that evaluates the candidates based on pre-defined criteria (e.g., accuracy, F1-score) and selects the most promising ones.

**Phase 2: Decomposition**

1. **Inference-Time Decomposition**: Utilize inference-time decomposition to break down complex tasks into smaller, more manageable sub-tasks. This will enable us to evaluate candidates for each sub-task individually.
2. **Candidate Retrieval**: Implement an algorithm that retrieves the most relevant candidate for each sub-task based on their performance in previous evaluations.

**Phase 3: Adaptive Compute Allocation**

1. **Adaptive Compute Budgeting**: Develop a tool that dynamically allocates computing resources to the selected candidates based on their predicted performance and availability of resources.
2. **Candidate Ranking with Retrieval**: Implement an algorithm that ranks candidates for each sub-task based on their performance in previous evaluations and retrieval from external memory.

**Phase 4: Scaling**

1. **Batch Processing**: Implement batch processing to handle large-scale evaluations of candidates, reducing the computational overhead.
2. **Scalable Verifier**: Develop a scalable verifier system that can handle high volumes of candidate evaluations without significant degradation in performance.
3. **Continuous Monitoring and Feedback**: Establish a continuous monitoring and feedback loop to collect insights from enterprise customers and adapt our strategy accordingly.

**Tools and Resources**

* Use existing tools and frameworks for implementation, such as TensorFlow or scikit-learn, to ensure minimal changes to the base architecture.
* Leverage cloud-based services like AWS or Google Cloud for scalable compute resources and external memory storage.
* Utilize Redis or Memcached for efficient candidate management.

**Key Performance Indicators (KPIs)**

* Track KPIs such as:
	+ Candidate generation efficiency
	+ Verifier accuracy
	+ Candidate ranking precision
	+ Adaptive compute allocation efficiency
	+ Customer satisfaction and feedback",107.49,2744,deep,0.75,0.05,0.54,6,3,3.0,0.8,"Provides a minimal yet technically credible implementation plan, adhering to constraints and leveraging existing tools and frameworks",planning
